{
    "tests": [
        {
            "rubric_item_id": 5574,
            "traceback": "",
            "result": ".",
            "description": "The activation function is a sigmoid"
        },
        {
            "rubric_item_id": 5578,
            "traceback": "",
            "result": ".",
            "description": "The backpropagation implementation is correct"
        },
        {
            "rubric_item_id": 5575,
            "traceback": "",
            "result": ".",
            "description": "The number of epochs is reasonable"
        },
        {
            "rubric_item_id": 5572,
            "traceback": "",
            "result": ".",
            "description": "The forward pass implementation is correct"
        },
        {
            "rubric_item_id": 5581,
            "traceback": "",
            "result": ".",
            "description": "The number of hidden nodes is reasonable"
        },
        {
            "rubric_item_id": 5582,
            "traceback": "",
            "result": ".",
            "description": "The learning_rate is reasonable"
        },
        {
            "rubric_item_id": 7964,
            "traceback": "",
            "result": ".",
            "description": "The number of output nodes is correct"
        },
        {
            "rubric_item_id": 7965,
            "traceback": "",
            "result": ".",
            "description": "Produces good results when running the network on full data"
        },
        {
            "rubric_item_id": 5573,
            "traceback": "",
            "result": ".",
            "description": "The run method is correct"
        },
        {
            "rubric_item_id": 5570,
            "traceback": "",
            "result": ".",
            "description": "The weights are updated correctly on training"
        },
        {
            "rubric_item_id": 5580,
            "traceback": "",
            "result": ".",
            "description": "The update_weights implementation is correct"
        }
    ],
    "critiques": {
        "700": {
            "general_comment": "Great job on implementing a successful neural network!  As we can see, the model overestimates bike ridership in December because it hasn't had sufficient holiday season training examples.  The predictions generally are quite accurate, though!",
            "rubric_items": {
                "5570": {
                    "autograded": false,
                    "result": "passed",
                    "observation": "Correct!"
                },
                "5572": {
                    "autograded": false,
                    "result": "passed",
                    "observation": "Correct!"
                },
                "5573": {
                    "autograded": false,
                    "result": "passed",
                    "observation": "Correct!"
                },
                "5574": {
                    "autograded": false,
                    "result": "passed",
                    "observation": "Correct!"
                },
                "5575": {
                    "autograded": false,
                    "result": "passed",
                    "observation": "Correct!"
                },
                "5578": {
                    "autograded": false,
                    "result": "passed",
                    "observation": "Correct!"
                },
                "5580": {
                    "autograded": false,
                    "result": "passed",
                    "observation": "Correct!"
                },
                "5581": {
                    "autograded": false,
                    "result": "passed",
                    "observation": "Correct!"
                },
                "5582": {
                    "autograded": false,
                    "result": "passed",
                    "observation": "Correct!"
                },
                "7964": {
                    "autograded": false,
                    "result": "passed",
                    "observation": "Correct!"
                },
                "7965": {
                    "autograded": false,
                    "result": "passed",
                    "observation": "Correct!"
                }
            }
        }
    }
}